route,title,meta_description,canonical,h1,robots,structured_data
"/","prism | websites, google maps seo + ads (done-for-you)","prism runs your website, local seo, and ads so customers find you‚Äîwithout managing tools or freelancers. white-glove, custom, and built for ai search.","https://www.design-prism.com/","Looking to elevate your online presence?","index","yes"
"/about","about prism | enzo sison & team","meet founder enzo sison and the mission behind prism, combining elite design craft, data-driven growth, and an olympic mindset for every client engagement.","https://www.design-prism.com/about","our story","index","yes"
"/ads","Paid Ads Management for Small Businesses | Prism","Google, Meta, TikTok, and Yelp ads planned and optimized to drive more calls, form fills, and booked appointments.","https://www.design-prism.com/ads","Ads that bring the right customers - not just clicks","index","yes"
"/ai","prism ai - build your website with ai | design prism","describe your dream website and let prism ai build it for you. get started in minutes.","https://www.design-prism.com/ai","Success!","index","yes"
"/ai-seo-services","AI SEO Services | Prism","AI SEO services that help your brand get cited in Google AI Overviews, ChatGPT, Gemini, and Perplexity‚Äîbuilt on clear pages, proof, and iteration.","https://www.design-prism.com/ai-seo-services","ai seo services that help you get cited and chosen","index","yes"
"/ai-website-launch","AI Website Builder for Small Businesses | Prism","Get a modern, SEO-ready website built with AI in 48 hours for just $400. No subscriptions‚Äîlaunch fast and start growing with Prism.","https://www.design-prism.com/ai-website-launch","Launch a stunning, high-performing website in 48 hours ‚Äî built by AI, perfected by experts.","index","yes"
"/analysis-thank-you","Analysis received | prism","We're preparing your free analysis‚Äîbook a call if you want a live walkthrough.","https://www.design-prism.com/analysis-thank-you","Your free website analysis is on the way.","noindex","no"
"/apps","mobile app development portfolio & services","explore custom mobile apps for restaurants, healthcare, and small businesses. interactive demos highlight native ios and android builds that boost engagement.","https://www.design-prism.com/apps","apps","index","yes"
"/blog","prism blog | web design, ai marketing & growth experiments","actionable lessons from shipping websites, ai workflows, and conversion experiments for dentists and local businesses, field-tested not theory.","https://www.design-prism.com/blog","insights & ideas","index","yes"
"/blog/2026-belongs-to-the-founders-who-can-delegate","2026 belongs to the founders who can delegate | prism","2026 will reward founders who can delegate with speed and clarity. learn how to turn intuition into systems and keep agency amid chaos.","https://www.design-prism.com/blog/2026-belongs-to-the-founders-who-can-delegate","2026 belongs to the founders who can delegate","index","yes"
"/blog/6m-arr-playbook","the $6m arr playbook: how a 21-year-old's ai tool rewrote t‚Ä¶","Cluely reached a $6M ARR run rate in under two months. Explore the five pillars behind this lightning-fast growth.","https://www.design-prism.com/blog/6m-arr-playbook","the $6m arr playbook: how a 21-year-old's ai tool rewrote the rules of go-to-market strategy","index","yes"
"/blog/adapting-small-business-ai-search-revolution-2025","adapting your small business to the ai search revolution: r‚Ä¶","learn practical ai-first strategies to help your small business thrive as ai search features change how customers find you online.","https://www.design-prism.com/blog/adapting-small-business-ai-search-revolution-2025","adapting your small business to the ai search revolution: reclaim your traffic in 2025","index","yes"
"/blog/ai-agents-agentic-commerce-local-business","the next big shift in online marketing: why ai agents will ‚Ä¶","explore how ai agents, instant checkout, and agentic commerce reshape discovery, trust, and conversions for local businesses‚Äîand how to get agent-ready.","https://www.design-prism.com/blog/ai-agents-agentic-commerce-local-business","the next big shift in online marketing: why ai agents will change how customers find and buy from local businesses","index","yes"
"/blog/ai-effortlessly-welcome-more-patients-dental-practice","still relying on word-of-mouth? how ai can effortlessly wel‚Ä¶","discover how ai tools like chatbots, smart advertising, and seo can help your dental practice attract more new patients without technical expertise.","https://www.design-prism.com/blog/ai-effortlessly-welcome-more-patients-dental-practice","still relying on word-of-mouth? how ai can effortlessly welcome more patients to your dental practice","index","yes"
"/blog/ai-search-for-dental-practice","ai search for dental practice: how to get cited | prism","a dentist-focused, step-by-step guide to win visibility in google ai overviews, chat-based assistants, and maps‚Äîwithout doorway pages or keyword stuffing.","https://www.design-prism.com/blog/ai-search-for-dental-practice","ai search for dental practice: how to show up in ai overviews + assistants","index","yes"
"/blog/breaking-free-education-psyop","breaking free from the education psyop: why the system want‚Ä¶","the education system isn't broken‚Äîit's working exactly as designed. here's how i broke free from the compliance machine and why you should too.","https://www.design-prism.com/blog/breaking-free-education-psyop","breaking free from the education psyop: why the system wants you small","index","yes"
"/blog/build-ecommerce-store-20-minutes-ai","how to build a complete e-commerce store in 20 minutes with‚Ä¶","use lovable + shopify to design, populate, and launch a fully working storefront without touching code.","https://www.design-prism.com/blog/build-ecommerce-store-20-minutes-ai","how to build a complete e-commerce store in 20 minutes with ai","index","yes"
"/blog/built-animated-game-with-ai","i built a fully animated game with an ai in minutes-here's ‚Ä¶","a first-hand account of building a cookie clicker clone with claude code and what it reveals about agentic software development.","https://www.design-prism.com/blog/built-animated-game-with-ai","i built a fully animated game with an ai in minutes-here's what i learned","index","yes"
"/blog/business-visibility-chatgpt","how to rank higher in ai search: a live experiment | prism","enzo from prism conducts a live experiment on ranking in ai search (chatgpt, gemini, grock, perplexity) and shares key takeaways for businesses.","https://www.design-prism.com/blog/business-visibility-chatgpt","how to rank higher in ai search: a live experiment","index","yes"
"/blog/chatgpt-agent-growing-small-businesses","chatgpt agent for growing small businesses: a game-changer ‚Ä¶","discover how chatgpt's agent mode can streamline small-business operations, plus a comparison to perplexity's comet and why agents matter.","https://www.design-prism.com/blog/chatgpt-agent-growing-small-businesses","chatgpt agent for growing small businesses: a game-changer for brick-and-mortar and startups","index","yes"
"/blog/content-that-converts-give-away-secrets-sell-implementation","content that converts: give away the secrets, sell the impl‚Ä¶","your unique taste √ó one acute pain √ó free secrets ‚Üí paid implementation. give away the playbook. sell the doing.","https://www.design-prism.com/blog/content-that-converts-give-away-secrets-sell-implementation","content that converts: give away the secrets, sell the implementation","index","yes"
"/blog/create-website-more-business-replit","create a website that gets you more business: a simple guid‚Ä¶","learn how to create a website that generates more business leads using replit, even if you're not a tech whiz. a simple guide for 2025.","https://www.design-prism.com/blog/create-website-more-business-replit","create a website that gets you more business: a simple guide using replit","index","yes"
"/blog/dental-practice-1-3m-swamp","the 1‚Äì3m swamp for dental practices | prism","the hardest part about scaling isn't finding opportunities ‚Äî it's affording the people who can execute them.","https://www.design-prism.com/blog/dental-practice-1-3m-swamp","the 1‚Äì3m swamp for dental practices","index","yes"
"/blog/dental-practice-rank-higher-google-search","dental practice rank higher in google search | prism","a step-by-step checklist to rank a dental practice higher in google search and maps with listings, reviews, service pages, and iteration.","https://www.design-prism.com/blog/dental-practice-rank-higher-google-search","dental practice rank higher in google search: a dentist checklist","index","yes"
"/blog/dental-seo-guide","dental seo guide: how dentists rank higher (maps + organic)","a dentist-first dental seo guide: how maps + organic rankings work, what to fix first, and a 30-day plan to earn more calls and bookings.","https://www.design-prism.com/blog/dental-seo-guide","dental seo: the practical guide for dentists (maps + organic)","index","yes"
"/blog/dentist-website-design-checklist","dentist website design checklist (what converts in 2026)","dentist website design checklist: must-have pages, trust signals, and seo + performance basics that help patients book.","https://www.design-prism.com/blog/dentist-website-design-checklist","dentist website design checklist for higher conversions in 2026","index","yes"
"/blog/design-is-the-moat-in-the-ai-era-5-lessons-from-figma-revenue-2025","design is the moat in the ai era | 5 revenue lessons | prism","ai made building easy. design is now the moat. five battle-tested lessons to ship faster, convert better, and grow revenue‚Äîbacked by prism‚Äôs playbook.","https://www.design-prism.com/blog/design-is-the-moat-in-the-ai-era-5-lessons-from-figma-revenue-2025","design is the moat in the ai era | 5 revenue lessons","index","yes"
"/blog/differentiation-is-survival","differentiation is survival and the universe wants you to b‚Ä¶","jeff bezos' final lesson on maintaining distinctiveness in business and life, drawn from his last shareholder letter as amazon ceo.","https://www.design-prism.com/blog/differentiation-is-survival","differentiation is survival and the universe wants you to be typical","index","yes"
"/blog/download-website-images-httrack","how to download all the images from any website using httra‚Ä¶","mirror a site with httrack and pull every image locally for research, backups, or reference without manual saves.","https://www.design-prism.com/blog/download-website-images-httrack","how to download all the images from any website using httrack","index","yes"
"/blog/embracing-underdog-advantage-ai-growth-2025","embracing the underdog advantage: how ai can supercharge gr‚Ä¶","how underdogs can use ai to accelerate growth‚Äîlessons from alex hormozi and practical moves for startups and local practices.","https://www.design-prism.com/blog/embracing-underdog-advantage-ai-growth-2025","embracing the underdog advantage: how ai can supercharge growth for startups, healthcare practices, and brands in 2025","index","yes"
"/blog/facebook-ads-for-dentists-playbook","facebook ads for dentists: the 30-day playbook | prism","a 30-day playbook for facebook ads for dentists: offer-first campaigns, creative, lead forms vs landing pages, and call tracking.","https://www.design-prism.com/blog/facebook-ads-for-dentists-playbook","facebook ads for dentists: the 30-day playbook","index","yes"
"/blog/founders-playbook-ai-era","the founder's playbook for the ai era: timeless wisdom from‚Ä¶","the age of ai is upon us. discover timeless principles from 27 legendary entrepreneurs that provide a powerful framework for thriving in the ai revolution.","https://www.design-prism.com/blog/founders-playbook-ai-era","the founder's playbook for the ai era: timeless wisdom from 27 entrepreneurs","index","yes"
"/blog/from-6-impressions-to-hundreds-seo-journey","from 6 impressions a day to hundreds: what it really takes ‚Ä¶","the real 3-year seo journey prism took to go from near-zero traffic to hundreds of daily impressions‚Äîand how to copy it.","https://www.design-prism.com/blog/from-6-impressions-to-hundreds-seo-journey","from 6 impressions a day to hundreds: what it really takes to win with seo","index","yes"
"/blog/from-broken-to-beautiful-dental-website-transformation","from broken to beautiful: the complete website transformati‚Ä¶","see how prism rebuilt a broken dental wordpress site into a high-performing, lovable + codex powered experience that converts.","https://www.design-prism.com/blog/from-broken-to-beautiful-dental-website-transformation","from broken to beautiful: the complete website transformation of a dental practice","index","yes"
"/blog/from-one-video-to-seo-flywheel","from one video to a full seo flywheel | prism","how i turned a single youtube video into a complete content strategy in one afternoon.","https://www.design-prism.com/blog/from-one-video-to-seo-flywheel","from one video to a full seo flywheel","index","yes"
"/blog/future-of-seo-ai-search","the future of seo is here: an actionable checklist for ai s‚Ä¶","learn how to future-proof your website with this actionable seo checklist built for the age of ai-powered search.","https://www.design-prism.com/blog/future-of-seo-ai-search","the future of seo is here: an actionable checklist for ai search","index","yes"
"/blog/generate-thousands-leads-without-more-ads","how to generate thousands of leads without spending more on‚Ä¶","turn cold traffic into qualified leads by offering value before you pitch.","https://www.design-prism.com/blog/generate-thousands-leads-without-more-ads","how to generate thousands of leads without spending more on ads","index","yes"
"/blog/google-ads-ai-smb-acquisition-playbook","google ads + ai: a simple, profitable acquisition playbook ‚Ä¶","launch a lean, testable paid engine in days‚Äînot months‚Äîand use ai to do the heavy lifting.","https://www.design-prism.com/blog/google-ads-ai-smb-acquisition-playbook","google ads + ai: a simple, profitable acquisition playbook for smbs","index","yes"
"/blog/google-ads-destination-not-working","google ads destination not working error: how to fix it fast","ads paused with a destination not working policy? allow adsbot, clear security blocks, and appeal the review in minutes.","https://www.design-prism.com/blog/google-ads-destination-not-working","fix the google ads destination not working error in minutes","index","yes"
"/blog/google-ads-health-personalized-warning","google ads ‚Äúhealth in personalized advertising‚Äù warning ‚Äî w‚Ä¶","see ‚Äúeligible (limited)‚Äù with a health in personalized advertising notice? understand the policy, keep running, and stay compliant.","https://www.design-prism.com/blog/google-ads-health-personalized-warning","google ads ‚Äúhealth in personalized advertising‚Äù warning ‚Äî what it means and how to fix it","index","yes"
"/blog/google-ai-search-revolution-small-business","how google's ai-powered search revolution is boosting leads‚Ä¶","discover how google's ai search features are helping local businesses get more qualified leads and foot traffic in 2025.","https://www.design-prism.com/blog/google-ai-search-revolution-small-business","how google's ai-powered search revolution is boosting leads for small brick-and-mortar businesses","index","yes"
"/blog/google-maps-visibility-playbook-2025","google maps visibility checklist for local businesses (2025)","understand how relevance, proximity, and prominence drive google maps results‚Äîand follow a 2025 checklist to boost your local visibility.","https://www.design-prism.com/blog/google-maps-visibility-playbook-2025","get your business visible on google maps: the complete 2025 checklist","index","yes"
"/blog/gpt-5-1-codex-test-dentist-website","gpt-5.1 codex test: can an ai model build a dentist website‚Ä¶","prism's no-hype benchmark of gpt-5.1 codex (high) building a multi-page dentist site: speed, ui quality, responsiveness, structure, and agency readiness.","https://www.design-prism.com/blog/gpt-5-1-codex-test-dentist-website","gpt-5.1 codex test: can an ai model build a dentist website in one shot?","index","yes"
"/blog/gpt-5-2-vs-gpt-5-1-codex-max-dentist-website","gpt‚Äë5.2 vs gpt‚Äë5.1 codex max: i one‚Äëshotted a full dentist ‚Ä¶","a real‚Äëworld empty‚Äërepo one‚Äëshot build comparing gpt‚Äë5.2 vs gpt‚Äë5.1 codex max on a full multi‚Äëpage dentist website.","https://www.design-prism.com/blog/gpt-5-2-vs-gpt-5-1-codex-max-dentist-website","gpt‚Äë5.2 vs gpt‚Äë5.1 codex max: i one‚Äëshotted a full dentist website from an empty repo","index","yes"
"/blog/gpt5-two-levers-growth","gpt-5 and the two levers of growth: creativity on tap, exec‚Ä¶","most teams overcomplicate growth. in the gpt-5 era, the constraint isn‚Äôt what‚Äôs possible‚Äîit‚Äôs the loop speed between idea and result.","https://www.design-prism.com/blog/gpt5-two-levers-growth","gpt-5 and the two levers of growth: creativity on tap, execution at speed","index","yes"
"/blog/great-content-collapse","the great content collapse-and why prism clients will come ‚Ä¶","ai answer boxes are siphoning traffic; here's how prism's post-click strategy keeps your brand visible and valuable.","https://www.design-prism.com/blog/great-content-collapse","the great content collapse-and why prism clients will come out ahead","index","yes"
"/blog/how-i-ranked-1-google-24-hours-claude-code","this guy ranked #1 on google in 24 hours using ai (here's w‚Ä¶","a jaw-dropping case study reveals how a 4-hour ai sprint beat 20-year-old competitors. here's the framework every small business needs.","https://www.design-prism.com/blog/how-i-ranked-1-google-24-hours-claude-code","this guy ranked #1 on google in 24 hours using ai (here's what we can learn)","index","yes"
"/blog/how-to-choose-local-seo-agency","how to choose a local seo agency (checklist + red flags)","a practical guide to hiring the right local seo agency: what to ask, what to avoid, and how to judge results beyond vanity rankings.","https://www.design-prism.com/blog/how-to-choose-local-seo-agency","how to choose a local seo agency: checklist + red flags","index","yes"
"/blog/how-to-choose-seo-consultant-for-dentists","how to choose an seo consultant for dentists (checklist + q‚Ä¶","a practical checklist for hiring the right seo consultant for your dental practice‚Äîmaps, on-page, technical seo, reviews, and reporting tied to calls.","https://www.design-prism.com/blog/how-to-choose-seo-consultant-for-dentists","how to choose an seo consultant for dentists","index","yes"
"/blog/how-to-connect-openai-codex-to-your-lovable-dev-website","how to connect loveable.dev to openai codex | prism","step-by-step workflow to move a loveable.dev project into openai codex with github sync, internet prompts, and clean pull requests.","https://www.design-prism.com/blog/how-to-connect-openai-codex-to-your-lovable-dev-website","how to connect loveable.dev to openai codex","index","yes"
"/blog/how-to-rank-1-chatgpt","how to rank #1 in chatgpt (without playing seo whack-a-mole)","deploy answer engine optimization (aeo) to earn citations inside chatgpt, perplexity, and other ai assistants with a focused 30-day plan.","https://www.design-prism.com/blog/how-to-rank-1-chatgpt","the smart way to rank #1 in chatgpt results","index","yes"
"/blog/how-we-supercharged-prisms-site-with-midjourney-video","how we supercharged prism's site with midjourney video (and‚Ä¶","how we used midjourney video to add motion to the prism homepage without slowing performance, plus a simple workflow.","https://www.design-prism.com/blog/how-we-supercharged-prisms-site-with-midjourney-video","how we supercharged prism's site with midjourney video (and how you can, too)","index","yes"
"/blog/impossible-seo-bug-claude-code","how an ""impossible"" seo bug turned into a 20-minute win wit‚Ä¶","the structured data issue that kept our site health stuck at 92%, how swapping models fixed it fast, and a founder-ready seo checklist.","https://www.design-prism.com/blog/impossible-seo-bug-claude-code","how an ""impossible"" seo bug turned into a 20-minute win with claude code","index","yes"
"/blog/inside-gpt5s-brain-system-prompt-secrets-first-movers","inside gpt-5's brain: system prompt secrets for first movers","stop chatting. start speccing. a spec-first approach to gpt-5 with templates, failure modes, and a one-week rollout.","https://www.design-prism.com/blog/inside-gpt5s-brain-system-prompt-secrets-first-movers","System Prompt Secrets That Unlock GPT-5's Full Potential","index","yes"
"/blog/lovable-ai-review-business-owners","lovable ai review: honest thoughts for business owners","prism founder enzo sison stress-tests lovable's latest release against replit, cursor, and vercel to see if it's ready for real client work.","https://www.design-prism.com/blog/lovable-ai-review-business-owners","is lovable ai worth it? an honest review for business owners","index","yes"
"/blog/meet-gwen-prisms-ai-powered-growth-partner","meet gwen: prism's ai powered growth partner | prism","Meet Gwen, Prism's AI powered growth partner helping clients move faster with nonstop execution, analytics, and optimization.","https://www.design-prism.com/blog/meet-gwen-prisms-ai-powered-growth-partner","Meet Gwen: Prism's AI Powered Growth Partner","index","yes"
"/blog/modern-reviews-strategy-2025","modern reviews strategy: where to focus in 2025 | prism","the five-platform playbook local businesses need to keep reviews driving visibility, credibility, and ai-ready trust in 2025.","https://www.design-prism.com/blog/modern-reviews-strategy-2025","modern reviews strategy: where to focus in 2025","index","yes"
"/blog/new-rules-of-visibility-ai-seo","the new rules of visibility: how ai is rewriting seo (and w‚Ä¶","learn how ai assistants like chatgpt, claude, and gemini decide what to surface‚Äîand how your business can stay visible with geo, clarity, and freshness.","https://www.design-prism.com/blog/new-rules-of-visibility-ai-seo","the new rules of visibility: how ai is rewriting seo (and what it means for your business)","index","yes"
"/blog/openclaw-manus-codex-scaling-business","openclaw, manus, and codex are scaling my business | prism","how openclaw, manus, and codex helped us fix a client seo fire, migrate infrastructure safely, and scale prism with a digital employee.","https://www.design-prism.com/blog/openclaw-manus-codex-scaling-business","openclaw, manus, and codex are scaling my business","index","yes"
"/blog/prism-approach-small-business-growth","the prism approach to small business growth | prism","how prism helps local businesses get found, trusted, and chosen through ai-ready websites, paid ads, and optimized listings.","https://www.design-prism.com/blog/prism-approach-small-business-growth","the prism approach to small business growth","index","yes"
"/blog/prism-flywheel-skyrocket-brick-and-mortar-growth","how the prism flywheel can skyrocket your brick-and-mortar ‚Ä¶","discover how the prism flywheel system transforms your online presence into a lead-generating machine without the social media grind.","https://www.design-prism.com/blog/prism-flywheel-skyrocket-brick-and-mortar-growth","how the prism flywheel can skyrocket your brick-and-mortar business growth","index","yes"
"/blog/reusable-shadcn-codex-template","build a reusable shadcn + codex design system for every fut‚Ä¶","ship a single shadcn/ui template that codex pulls into every workspace so you stop rebuilding buttons, forms, and charts from scratch.","https://www.design-prism.com/blog/reusable-shadcn-codex-template","build a reusable shadcn + codex design system for every future project","index","yes"
"/blog/revolutionize-small-business-ai-extract-old-website-content-grok-4","revolutionize your small business with ai: extract old webs‚Ä¶","learn how grok 4 helps small business owners extract and organize old website content, creating a practical content flywheel for growth.","https://www.design-prism.com/blog/revolutionize-small-business-ai-extract-old-website-content-grok-4","revolutionize your small business with ai: extract old website content in minutes using grok 4","index","yes"
"/blog/riding-the-ai-wave","riding the ai wave: how prism keeps your practice ahead of ‚Ä¶","prism's ai-driven stack lets your dental website self-upgrade, squash bugs, and iterate design faster than ever.","https://www.design-prism.com/blog/riding-the-ai-wave","riding the ai wave: how prism keeps your practice ahead of the curve","index","yes"
"/blog/seo-mystery-beverly-hills-dentist-traffic-from-china","the seo mystery: why a beverly hills dentist was getting tr‚Ä¶","a real seo detective case: a beverly hills dentist got most of their traffic from china‚Äîhere‚Äôs how we traced it to old backlink spam and cleaned it up.","https://www.design-prism.com/blog/seo-mystery-beverly-hills-dentist-traffic-from-china","the seo mystery: why a beverly hills dentist was getting traffic from china (and what we did about it)","index","yes"
"/blog/the-grind-that-builds-empires","the grind that builds empires: why your solitary sweat sepa‚Ä¶","discover why solitary effort and persistent grind separate legends from the average in sports and entrepreneurship.","https://www.design-prism.com/blog/the-grind-that-builds-empires","the grind that builds empires: why your solitary sweat separates legends from the pack","index","yes"
"/blog/turning-your-website-into-an-ai-powered-seo-flywheel","turning your website into an ai-powered seo flywheel | prism","the strategy behind the video: how we combine ai, google search console, and clean architecture to build a compounding seo flywheel.","https://www.design-prism.com/blog/turning-your-website-into-an-ai-powered-seo-flywheel","turning your website into an ai-powered seo flywheel","index","yes"
"/blog/unlocking-ai-potential-small-business-prompting-strategies-chatgpt-5","unlocking ai's potential for your small business: lessons f‚Ä¶","evidence-based ai prompting strategies for 2025, plus how to use chatgpt-5 reasoning models to get real business results.","https://www.design-prism.com/blog/unlocking-ai-potential-small-business-prompting-strategies-chatgpt-5","unlocking ai's potential for your small business: lessons from the latest prompting strategies (with chatgpt-5 now live!)","index","yes"
"/blog/unlocking-smb-growth-hormozi-100m-leads","unlocking smb growth: lessons from alex hormozi's $100m lea‚Ä¶","discover how to flood your pipeline with eager buyers using alex hormozi's $100m leads framework combined with ai-powered lead generation systems for smbs.","https://www.design-prism.com/blog/unlocking-smb-growth-hormozi-100m-leads","unlocking smb growth: lessons from alex hormozi's $100m leads (and why ai is your secret weapon right now)","index","yes"
"/blog/unlocking-smb-growth-hormozi-100m-offers","unlocking smb growth: lessons from alex hormozi's $100m off‚Ä¶","how alex hormozi‚Äôs $100m offers framework applies to smbs, with ai-powered examples for dentists, ecommerce, and startups.","https://www.design-prism.com/blog/unlocking-smb-growth-hormozi-100m-offers","unlocking smb growth: lessons from alex hormozi's $100m offers (and why ai is your secret weapon right now)","index","yes"
"/blog/vibe-coding-platform-foundation-2026","lovable vs replit vs vercel: what to build on (so you don't‚Ä¶","Confused by Lovable, Replit, Cursor, Vercel, Next.js? Here's how to choose the right foundation for SEO, control, long-term speed, and easy migrations later.","https://www.design-prism.com/blog/vibe-coding-platform-foundation-2026","lovable vs replit vs vercel: what to build on (so you don't regret it later)","index","yes"
"/blog/win-next-ai-distribution-wave-30-day-playbook","win the next ai distribution wave: a 30-day, no-fluff playb‚Ä¶","be early to the next ai platform opening. build a context moat, get agent-discoverable, and ship 3 high-impact experiments in 30 days‚Äîbefore the window closes.","https://www.design-prism.com/blog/win-next-ai-distribution-wave-30-day-playbook","win the next ai distribution wave: a 30-day, no-fluff playbook for founders & local service brands","index","yes"
"/blog/winning-ai-search-game","winning the ai search game: a deep dive into ranking higher‚Ä¶","learn how to adapt your seo strategy for the ai search era with this comprehensive guide on ranking in chatgpt, gemini, and perplexity.","https://www.design-prism.com/blog/winning-ai-search-game","winning the ai search game: a deep dive into ranking higher and getting more leads","index","yes"
"/book-a-shoot","book a shoot | prism","share two dates and one-hour windows for Prism to capture your office + team photography.","https://www.design-prism.com/book-a-shoot","pick two windows and we ll lock it in.","index","yes"
"/book-a-shoot/thank-you","shoot request received | prism","Your photography windows are on our calendar‚Äîlook for a confirmation email with next steps.","https://www.design-prism.com/book-a-shoot/thank-you","windows received‚Äîthanks for the details.","noindex","no"
"/careers","careers at prism | open roles","join our team at prism. explore career opportunities at our digital agency creating websites, apps, and designs that drive results.","https://www.design-prism.com/careers","join our team","index","yes"
"/careers/front-end-developer","contract front-end developer | prism careers","join our lean team building modern web apps with ai-first tooling. work with cursor, replit, vercel v0, and lovable.dev. remote, part-time contract position.","https://www.design-prism.com/careers/front-end-developer","contract front-end developer","index","yes"
"/careers/replit-builder","replit builder contract role | prism careers","join our lean studio shipping fast, beautiful sites inside replit. use replit agent, replit db, and vercel v0 in a remote contract role.","https://www.design-prism.com/careers/replit-builder","contract replit builder","index","yes"
"/case-studies","case studies: dental & local business growth wins | prism","discover how prism lifts patient acquisition, retention, and online revenue through strategic redesigns, content systems, and analytics for real clients.","https://www.design-prism.com/case-studies","recent client work","index","yes"
"/case-studies/belize-kids-foundation","belize kids foundation case study ‚Äî nonprofit story hub","follow how prism is supporting belize kids foundation with a refreshed website, donor pathways, and local visibility groundwork.","https://www.design-prism.com/case-studies/belize-kids-foundation","component","index","yes"
"/case-studies/canary-cove","canary cove case study ‚Äî private retreat storytelling","see how prism is crafting a refined digital experience for canary cove with immersive visuals, booking clarity, and brand cohesion.","https://www.design-prism.com/case-studies/canary-cove","component","index","yes"
"/case-studies/canary-foundation","canary foundation case study ‚Äî mission-driven web refresh","learn how prism is partnering with canary foundation to modernize their website, share impact, and support donor journeys.","https://www.design-prism.com/case-studies/canary-foundation","component","index","yes"
"/case-studies/coast-periodontics-and-laser-surgery","coast periodontics case study | dental growth","see how prism is partnering with coast periodontics & laser surgery to deliver a calm website, local visibility, and conversion tracking essentials.","https://www.design-prism.com/case-studies/coast-periodontics-and-laser-surgery","component","index","yes"
"/case-studies/dr-christopher-wong","case study: dr. wong dental m&a relaunch","from ownership transition risk to a future-proof, ai-powered dental practice in palo alto.","https://www.design-prism.com/case-studies/dr-christopher-wong","dynamic","index","yes"
"/case-studies/exquisite-dentistry","Case Study: Exquisite Dentistry brand relaunch","Turning a legacy Beverly Hills brand into a modern, trackable growth engine.","https://www.design-prism.com/case-studies/exquisite-dentistry","Case Study: Exquisite Dentistry ‚Äî Turning a Legacy Beverly Hills Brand Into a Modern, Trackable Growth Engine","index","yes"
"/case-studies/family-first-smile-care","family first smile care case study | dental website","how we created a modern, patient‚Äëfriendly website for family first smile care with clear services, comfort highlights, and conversion paths.","https://www.design-prism.com/case-studies/family-first-smile-care","family‚Äëfocused website for family first smile care","index","yes"
"/case-studies/grace-dental-santa-rosa","grace dental santa rosa case study ‚Äî post‚Äëm&a relaunch","how we partnered with grace dental (tingjen ji, dds msd) to relaunch the brand and site, and stand up acquisition and tracking.","https://www.design-prism.com/case-studies/grace-dental-santa-rosa","post‚Äëm&a relaunch for grace dental santa rosa","index","yes"
"/case-studies/infobell-it","infobell it case study ‚Äî saas enablement foundations","explore how prism is partnering with infobell it to craft a modern website, clarify offerings, and set up performance tracking.","https://www.design-prism.com/case-studies/infobell-it","component","index","yes"
"/case-studies/laguna-beach-dental-arts","laguna beach dental arts case study ‚Äî post‚Äëm&a relaunch","how we partnered with laguna beach dental arts post‚Äëmerger to relaunch the brand, ship a modern website, and stand up full‚Äëfunnel acquisition and tracking.","https://www.design-prism.com/case-studies/laguna-beach-dental-arts","post‚Äëm&a relaunch for laguna beach dental arts","index","yes"
"/case-studies/leadership-retreat","leadership retreat case study ‚Äî digital presence","how we built a conversion-friendly retreat site with clear agenda, speakers, and booking paths.","https://www.design-prism.com/case-studies/leadership-retreat","component","index","yes"
"/case-studies/mataria-dental-group","case study: mataria dental group m&a launch","how prism relaunched mataria dental group in torrance with a new dental website, listings, content, social campaigns, and analytics.","https://www.design-prism.com/case-studies/mataria-dental-group","Case Study: Mataria Dental Group - Launching an M&A Practice for a National Implant Educator","index","yes"
"/case-studies/michael-njo-dds","michael njo, dds case study ‚Äî modern dental presence","how we launched a credibility-first website with clear services, patient flows, and tracking.","https://www.design-prism.com/case-studies/michael-njo-dds","component","index","yes"
"/case-studies/olympic-bootworks","Olympic Bootworks: the Tahoe shop that finally sells online","Olympic Bootworks already had the hard part: a legendary reputation, Olympians in the fitting room, and customers who drive hours to get it done right.","https://www.design-prism.com/case-studies/olympic-bootworks","dynamic","index","yes"
"/case-studies/practice-transitions-institute","practice transitions institute | prism case study","discover how prism is supporting practice transitions institute with a focused website, local presence, and results tracking.","https://www.design-prism.com/case-studies/practice-transitions-institute","component","index","yes"
"/case-studies/rebellious-aging","rebellious aging case study ‚Äî community platform foundations","how prism is building a welcoming digital home for rebellious aging with a refreshed website, clear journeys, and local discovery groundwork.","https://www.design-prism.com/case-studies/rebellious-aging","component","index","yes"
"/case-studies/saorsa-growth-partners","saorsa growth partners case study","Clarity, credibility, and lead capture for a focused advisory firm.","https://www.design-prism.com/case-studies/saorsa-growth-partners","Saorsa Growth Partners","index","yes"
"/case-studies/sr4-partners","sr4 partners case study ‚Äî consulting presence refresh","discover how prism is shaping a trusted digital presence for sr4 partners with messaging clarity, website foundations, and performance insights.","https://www.design-prism.com/case-studies/sr4-partners","component","index","yes"
"/case-studies/town-centre-dental","town centre dental case study ‚Äî family dentistry growth","how we helped town centre dental modernize their web presence, streamline booking, and build sustainable acquisition in brentwood, ca.","https://www.design-prism.com/case-studies/town-centre-dental","family dentistry growth system","index","yes"
"/case-studies/we-are-saplings","we are saplings case study ‚Äî education platform foundations","see how prism is helping we are saplings launch a modern educational platform with clear storytelling and parent-friendly journeys.","https://www.design-prism.com/case-studies/we-are-saplings","component","index","yes"
"/case-studies/wine-country-root-canal","wine country root canal | prism case study","see how prism is shaping the wine country root canal patient journey with a modern website, local visibility, and tracking foundations.","https://www.design-prism.com/case-studies/wine-country-root-canal","component","index","yes"
"/checkout/grow","grow plan checkout | prism","confirm your prism grow website plan and finalize billing details.","https://www.design-prism.com/checkout/grow","start your grow plan","noindex","no"
"/checkout/grow/thank-you","grow checkout received | prism","we received your grow plan submission‚Äîbook a kickoff call to accelerate next steps.","https://www.design-prism.com/checkout/grow/thank-you","Growth is on the Horizon! üå±","noindex","no"
"/checkout/launch","launch plan checkout | prism","confirm your prism launch website plan and finalize billing details.","https://www.design-prism.com/checkout/launch","start your launch plan","noindex","no"
"/checkout/launch/thank-you","launch checkout received | prism","we received your launch plan submission‚Äîbook a kickoff call to accelerate next steps.","https://www.design-prism.com/checkout/launch/thank-you","You're Cleared for Launch! üöÄ","noindex","no"
"/checkout/scale","scale plan checkout | prism","confirm your prism scale website plan and finalize billing details.","https://www.design-prism.com/checkout/scale","start your scale plan","noindex","no"
"/checkout/scale/thank-you","scale checkout received | prism","we received your scale plan submission‚Äîbook a kickoff call to accelerate next steps.","https://www.design-prism.com/checkout/scale/thank-you","Ready to Scale! üìà","noindex","no"
"/contact","Contact | prism","Reach Prism to talk through the right plan for your AI-powered website and growth goals.","https://www.design-prism.com/contact","Contact Prism","index","yes"
"/custom-email-for-dental-practices","custom email for dental practices","why name@yourpractice.com beats free mailboxes. prism sets up secure, professional email so dental practices look legit, hire faster, and stay compliant.","https://www.design-prism.com/custom-email-for-dental-practices","Custom Email for Dental Practices","index","yes"
"/dental-photography","dental photography that fuels every prism campaign | prism","prism captures on-site dental photography and video that power websites, paid ads, local listings, and social media launches.","https://www.design-prism.com/dental-photography","pro photos that make every prism deliverable hit harder.","index","yes"
"/dental-photography/before-after","dental before + after system: in-practice guide | prism","follow prism's 0‚Üí100% workflow to capture dental before-and-after photos in-house, with gear tiers, scripts, storage, and rollout tips.","https://www.design-prism.com/dental-photography/before-after","build a before + after system your team can run every day.","index","yes"
"/dental-photography/office-team","office & team photography for dental practices | prism","book a single shoot day to capture your team, lobby, and operatory moments so every digital touchpoint feels authentic.","https://www.design-prism.com/dental-photography/office-team","one button to book the office shoot patients actually want to see.","index","yes"
"/dental-practice-seo-expert","Dentist SEO | Prism","Dentist SEO that helps practices rank in Google Maps and organic search with listings, reviews, and treatment pages tied to calls.","https://www.design-prism.com/dental-practice-seo-expert","dentist seo","index","yes"
"/dental-website","Dental Practice Website Design That Converts | Prism","Modern dental practice websites that get found, build trust, and convert visits into booked appointments. Fast, mobile-first, and built for long-term content.","https://www.design-prism.com/dental-website","dental practice websites that get found, trusted, and chosen.","index","yes"
"/designs","graphic design portfolio & creative services | prism","browse award-winning logos, branding, marketing assets, and social graphics that show how intentional design elevates your brand and captures attention.","https://www.design-prism.com/designs","how design works at prism","index","yes"
"/designs/wine-country-root-canal","Wine Country Root Canal design review | Prism","Review the live design system, collateral, and next steps for Dr. Anderson. Prism‚Äôs design board centralizes feedback, files, and rollout notes.","https://www.design-prism.com/designs/wine-country-root-canal","wine country root canal","index","yes"
"/facebook-ads-for-dentists","Facebook Ads for Dentists | Prism","Prism runs Facebook & Instagram ads for dentists with patient-ready creative, landing pages, and reporting tied to calls and booked consults.","https://www.design-prism.com/facebook-ads-for-dentists","facebook ads for dentists","index","yes"
"/faq","frequently asked questions | prism agency","get answers to common questions about prism agency‚Äôs web, app, and marketing services, including pricing, timelines, and our ai-powered approach.","https://www.design-prism.com/faq","frequently asked questions","index","yes"
"/free-analysis","Free analysis | prism","Request a free review of your current website, Google listing, and visibility metrics.","https://www.design-prism.com/free-analysis","Get a free analysis of your current website and visibility.","index","yes"
"/get-started","Get started | Prism","Join Prism's Online Presence Transformation program to remove yourself as the bottleneck for growth.","https://www.design-prism.com/get-started","Tired of handling all the marketing and tech yourself?","index","yes"
"/google","google workspace & ads partner","prism is a google partner helping small businesses grow with workspace, ads, analytics, and business profile optimization. get started with partner pricing.","https://www.design-prism.com/google","prism + google: growing local businesses with the world‚Äôs best tools","index","yes"
"/google/dental-ads","google ads for dentists","prism helps dental practices attract more patients with compliant google ads for implants, invisalign, and general dentistry‚Äîbuilt for policy safety.","https://www.design-prism.com/google/dental-ads","prism + google ads: growing dental practices with precision","index","yes"
"/google/dental-patient-forms","secure google workspace patient forms for dentists | prism","step-by-step hipaa guide for dentists using google workspace: secure shared drives, vault, compliant forms, and patient data safeguards.","https://www.design-prism.com/google/dental-patient-forms","Set Up Secure Electronic Patient Forms with Google Workspace","index","yes"
"/growth","Growth retainers | prism","Turn your Prism-built site into a full growth engine with SEO, ads, and automation retainers.","https://www.design-prism.com/growth","Now that your site is live ‚Äî let s make it visible.","index","yes"
"/hottest-content","prism's hottest content library","see prism‚Äôs top-performing instagram reels exactly as they appeared on the platform. live embeds with full context from the original posts.","https://www.design-prism.com/hottest-content","the reels that broke through","index","yes"
"/ig","instagram community | prism","discover how prism transforms entrepreneurial insight into growth-ready websites for ambitious businesses who found us on instagram.","https://www.design-prism.com/ig","From Inspiration to Action","index","yes"
"/library","prism library | founder + athlete short lessons","short lessons from founders and world-class athletes, curated to help you build a stronger company and a stronger competitive mindset.","https://www.design-prism.com/library","Prism Library","index","yes"
"/library/instagram-DS5xtbrkubQ","think bigger","Prism Library short lesson.","https://www.design-prism.com/library/instagram-DS5xtbrkubQ","think bigger","index","yes"
"/library/instagram-DTLH9V_CRf8","inexperience is a competitive advantage","Prism Library short lesson.","https://www.design-prism.com/library/instagram-DTLH9V_CRf8","inexperience is a competitive advantage","index","yes"
"/local-listings","Local Listing Optimization for Small Businesses | Prism","Accurate listings across Google, Apple, Yelp, Bing, Facebook, and more‚Äîso you rank higher and win more local customers.","https://www.design-prism.com/local-listings","Be the obvious choice in your neighborhood","index","yes"
"/local-seo-agency","Local SEO Agency for Small Businesses | Prism","Prism is a local SEO agency for small businesses, improving Google Maps and local search with listings, reviews, local pages, and reporting tied to calls.","https://www.design-prism.com/local-seo-agency","A local SEO agency partner for small businesses","index","yes"
"/local-seo-services","Local SEO Services for Small Businesses | Prism","Local SEO services that help you show up in Google Maps and organic search with listings, reviews, on-page structure, and reporting tied to calls.","https://www.design-prism.com/local-seo-services","Local SEO services that turn searches into customers","index","yes"
"/models","Prism Models","join prism models for free whitening, professional photos, and paid creative projects that help dental practices tell real stories.","https://www.design-prism.com/models","prism models","index","yes"
"/offers","special offers for prism clients","browse the latest limited-time offers from prism for websites, apps, and design support, all crafted to launch momentum quickly.","https://www.design-prism.com/offers","current offers","index","yes"
"/offers/ai-seo-boost","ai seo boost‚Ñ¢ - get recommended by ai bots | prism","make chatgpt, gemini & perplexity name-drop your brand first. specialized ai search optimization that gets you recommended by ai bots 24/7. 90-day guarantee.","https://www.design-prism.com/offers/ai-seo-boost","AI SEO Boost‚Ñ¢","index","yes"
"/offers/summer-website-makeover","summer website makeover offer | prism","triple your traffic and conversions in 30 days with prism's summer website makeover‚Äîfull-stack rebuild, seo, and cro with guaranteed results.","https://www.design-prism.com/offers/summer-website-makeover","Summer Website Makeover","index","yes"
"/one-time-fee","one-time design for $750 | prism","get a perfect logo, banner, flyer, or any single custom design asset crafted by prism's pros for $750. unlimited revisions until you love it.","https://www.design-prism.com/one-time-fee","one perfect design, one flat fee","index","yes"
"/openai","openai growth systems | design prism","See how Prism uses OpenAI tools, copilots, and distribution intelligence to expand your practice across chat, search, and assistant surfaces.","https://www.design-prism.com/openai","ai copilots that keep your presence everywhere","index","yes"
"/openai/site-rebuild","rebuild any site locally with codex | prism openai guide","Follow Prism‚Äôs no-fluff playbook to download a live site, extract its content, prep Codex context, and rebuild the experience on your machine.","https://www.design-prism.com/openai/site-rebuild","mirror any website and rebuild it with codex","index","yes"
"/podcast","prism podcast | founders ¬∑ journeys ¬∑ lessons","each episode, founder enzo sison sits down with builders in the arena to unpack wins, missteps, and frameworks you can apply to your business.","https://www.design-prism.com/podcast","prism podcast","index","yes"
"/podcast/michael-njo","Dr. Michael Njo, DDS | Prism Podcast","Read Dr. Michael Njo's story of discipline, reinvention, and mentorship‚Äîfrom building a practice to guiding dentists through Practice Transitions Institute.","https://www.design-prism.com/podcast/michael-njo","Dr. Michael Njo, DDS","index","yes"
"/pricing","Pricing | Prism","Clear pricing for Prism‚Äôs website builds and growth systems. Start with a plan, then launch fast with a high-performing site.","https://www.design-prism.com/pricing","component","index","yes"
"/pricing-dental","dental marketing pricing | prism","transparent pricing plans designed specifically for dental practices. choose between starter and pro plans to grow your practice and attract more patients.","https://www.design-prism.com/pricing-dental","pricing for dental practices","index","yes"
"/pricing/thank-you","plan sent | next steps from prism","thanks for sending your prism pricing plan. we'll review your selections and follow up with next steps shortly.","https://www.design-prism.com/pricing/thank-you","thank you for sending your plan","noindex","no"
"/prism-flywheel","prism flywheel | powering exponential growth","discover prism's flywheel: a compounding system using frontier ai like grok and claude to build maximum leverage for your business growth.","https://www.design-prism.com/prism-flywheel","The Prism Flywheel","index","yes"
"/privacy-policy","privacy policy | prism agency","learn how prism agency collects, uses, and protects your personal information across our website and services.","https://www.design-prism.com/privacy-policy","privacy policy","index","yes"
"/proof","prism proof | testimonial engine for dentists","capture authentic patient stories once and repurpose them into case studies, schema, reels, and google business profile posts that lift trust and acceptance.","https://www.design-prism.com/proof","prism proof","index","yes"
"/refer","refer a business to prism & earn","know someone who needs a better website, listings, or ad strategy? refer them to prism for a free analysis and earn up to $1,000 when they become a client.","https://www.design-prism.com/refer","Know a business that could use our help?","index","yes"
"/replit","prism √ó replit website builds & tutorials","prism partners with replit to design, build, and teach modern website creation with free guides and tutorials.","https://www.design-prism.com/replit","prism √ó replit ‚Äî building the next generation of websites","index","yes"
"/scholarship","community website scholarship | prism","each month prism builds a free website for a community member. apply for the scholarship and we'll review your story before the next pick.","https://www.design-prism.com/scholarship","prism community website scholarship","index","yes"
"/seo","seo that compounds | prism","prism bakes on-page and off-page seo into every build. see how we structure sites, listings, reviews, and authority signals so local brands outrank competitors.","https://www.design-prism.com/seo","component","index","yes"
"/seo/audit","seo audit service | prism","seo audit service that finds the technical, on-page, and trust issues blocking rankings, then delivers a prioritized plan tied to leads.","https://www.design-prism.com/seo/audit","component","index","yes"
"/seo/off-page","off-page seo systems | prism","prism tightens listings, review flows, backlinks, and real-world engagement so search engines trust your brand and keep surfacing it.","https://www.design-prism.com/seo/off-page","component","index","yes"
"/seo/on-page","on-page seo services | prism","see how prism structures content, technical seo, and engagement signals so every page feels like the perfect answer for local searches.","https://www.design-prism.com/seo/on-page","component","index","yes"
"/services","Prism Services | Websites, Local Presence, Ads & Analytics","One partner for websites, local presence, paid media, content systems, and analytics‚Äîso your business gets found, trusted, and chosen.","https://www.design-prism.com/services","one partner for every growth lever","index","yes"
"/smb","small business ai services | gpt-5 solutions by prism","leverage gpt-5 across marketing, operations, and support. prism sets up, trains, and tunes ai workflows tailored to your small business.","https://www.design-prism.com/smb","design, software, and data ‚Äî powered by gpt‚Äë5","index","yes"
"/software","prism | software tools to help you grow","Free software built by Prism to increase leads, conversions, and customer lifetime value. Explore Density and Hot Content.","https://www.design-prism.com/software","Tools to Help You Grow","index","yes"
"/story","story-driven marketing | design prism","Turn customer impact into a growth engine. Prism‚Äôs Customer Signal Engine captures real stories and turns them into SEO, conversions, and community.","https://www.design-prism.com/story","turn customer impact into your loudest signal","index","yes"
"/terms-of-service","terms of service | prism agency","read prism agency‚Äôs terms and conditions for using our web development, app development, and digital marketing services.","https://www.design-prism.com/terms-of-service","terms of service","index","yes"
"/thank-you","Thank you | prism","We received your AI site brief‚Äîbook a kickoff call to see your plan faster.","https://www.design-prism.com/thank-you","Review in progress.","noindex","no"
"/thanks","payment received | thank you from prism","thanks for your payment‚Äîour team will send onboarding details and next steps so we can get your project moving.","https://www.design-prism.com/thanks","thank you for your payment","noindex","no"
"/thanks-call","call scheduled | thanks from prism","your call has been scheduled successfully. join our instagram community while you wait.","https://www.design-prism.com/thanks-call","your call is scheduled","noindex","no"
"/tiktok","from tiktok to transformation | prism","you‚Äôve seen the clips. prism turns tiktok insights into high-performing websites and marketing systems that attract customers and grow revenue.","https://www.design-prism.com/tiktok","From TikTok to Transformation","index","yes"
"/tiktok-ads-for-dentists","TikTok Ads for Dentists | Prism","Prism runs TikTok ads for dentists with creative, landing pages, and tracking that turn attention into booked consults‚Äîwithout spam.","https://www.design-prism.com/tiktok-ads-for-dentists","tiktok ads for dentists","index","yes"
"/wall-of-love","testimonials | dentists & local brands working with prism","explore feedback from dental practices, nonprofits, and local retailers that partner with prism for high-performing websites and growth systems.","https://www.design-prism.com/wall-of-love","wall of love","index","yes"
"/websites","Small Business Website Design & Builds | Prism","Websites engineered to convert and stay sharp long-term. Strategy, design, development, and SEO-ready foundations.","https://www.design-prism.com/websites","Websites engineered to convert and stay sharp long-term","index","yes"
"/why-consulting-companies-love-prism","why consulting companies love prism","discover how prism helps consulting firms earn trust online, convert qualified leads, and automate growth while they focus on clients.","https://www.design-prism.com/why-consulting-companies-love-prism","Build trust, attract clients, and scale your impact ‚Äî without worrying about your website.","index","yes"
"/why-dental-practices-love-prism","Prism | Dental practice website + local SEO for new patients","Prism helps dentist owners fix messy marketing with websites, local SEO, Google Business Profile, reviews, and tracking tied to demand.","https://www.design-prism.com/why-dental-practices-love-prism","grow your practice. worry less about marketing + tech.","index","yes"
"/why-local-shop-owners-love-prism","why local shop owners love prism","prism helps local shops stand out online, bring more people through the door, and run smoother ‚Äî without tech headaches or outdated marketing systems.","https://www.design-prism.com/why-local-shop-owners-love-prism","More customers. Less tech stress.","index","yes"
"/why-nonprofits-love-prism","why nonprofits partner with prism","prism helps nonprofits tell their story beautifully, attract donors and supporters, and manage technology effortlessly so they can focus on mission-driven work.","https://www.design-prism.com/why-nonprofits-love-prism","Share your mission. Reach more people. Simplify your tech.","index","yes"
"/why-online-community-founders-love-prism","why online community founders love prism","see how prism helps online community founders grow faster by uniting design, technology, and data so you can focus on your members.","https://www.design-prism.com/why-online-community-founders-love-prism","Build a thriving community ‚Äî without drowning in tech or design work.","index","yes"
"/youtube","youtube community | prism","explore the exact youtube tactics prism uses to build modern growth systems for ambitious brands and business owners.","https://www.design-prism.com/youtube","From YouTube Tactics to Real Growth","index","yes"